{
    "last_conditional": 3.1208666543622296e+16,
    "last_residual": 2258162891285129.0,
    "mu": 2660451938204613.5,
    "omega": 33657837234443.617,
    "alpha": 8.810909153989483e+16,
    "beta": 9.000440069288876e+17
}